{"cameraMode":{"drawMode":0,"name":"Shaded","section":"Shading Mode"},"sceneLighting":true,"audioPlay":false,"sceneViewState":{"m_AlwaysRefresh":false,"showFog":true,"showSkybox":true,"showFlares":true,"showImageEffects":true,"showParticleSystems":true,"showVisualEffectGraphs":true,"m_FxEnabled":true},"in2DMode":false,"pivot":{"x":623.975341796875,"y":156.67282104492188,"z":187.52008056640626},"rotation":{"x":-0.014232750982046128,"y":-0.9895028471946716,"z":-0.14156852662563325,"w":0.04516340047121048},"size":98.70172882080078,"orthographic":false}