{"cameraMode":{"drawMode":0,"name":"Shaded","section":"Shading Mode"},"sceneLighting":false,"audioPlay":false,"sceneViewState":{"m_AlwaysRefresh":false,"showFog":true,"showSkybox":false,"showFlares":true,"showImageEffects":true,"showParticleSystems":true,"showVisualEffectGraphs":true,"m_FxEnabled":true},"in2DMode":false,"pivot":{"x":-3.788081407546997,"y":0.22532972693443299,"z":-0.1928316354751587},"rotation":{"x":0.000543667993042618,"y":-0.9989787340164185,"z":-0.04927879199385643,"w":-0.016241401433944703},"size":0.4427603781223297,"orthographic":false}