{"cameraMode":{"drawMode":0,"name":"Shaded","section":"Shading Mode"},"sceneLighting":false,"audioPlay":false,"sceneViewState":{"m_AlwaysRefresh":false,"showFog":true,"showSkybox":false,"showFlares":true,"showImageEffects":true,"showParticleSystems":true,"showVisualEffectGraphs":true,"m_FxEnabled":true},"in2DMode":false,"pivot":{"x":4.366220951080322,"y":-0.17403066158294679,"z":0.019298911094665529},"rotation":{"x":-0.06014063581824303,"y":-0.738219141960144,"z":0.06914638727903366,"w":-0.668907105922699},"size":3.8325843811035158,"orthographic":false}