{"cameraMode":{"drawMode":0,"name":"Shaded","section":"Shading Mode"},"sceneLighting":false,"audioPlay":false,"sceneViewState":{"m_AlwaysRefresh":false,"showFog":true,"showSkybox":false,"showFlares":true,"showImageEffects":true,"showParticleSystems":true,"showVisualEffectGraphs":true,"m_FxEnabled":true},"in2DMode":false,"pivot":{"x":-1.2913734912872315,"y":0.30947503447532656,"z":1.6369309425354005},"rotation":{"x":-0.014330015517771244,"y":-0.9603942036628723,"z":0.05228466913104057,"w":-0.27473121881484988},"size":0.001317320391535759,"orthographic":false}