{"cameraMode":{"drawMode":0,"name":"Shaded","section":"Shading Mode"},"sceneLighting":false,"audioPlay":false,"sceneViewState":{"m_AlwaysRefresh":false,"showFog":true,"showSkybox":false,"showFlares":true,"showImageEffects":true,"showParticleSystems":true,"showVisualEffectGraphs":true,"m_FxEnabled":true},"in2DMode":false,"pivot":{"x":-13.6207914352417,"y":1.7241765260696412,"z":7.3838276863098148},"rotation":{"x":0.030773021280765535,"y":-0.9655705094337463,"z":-0.12627297639846803,"w":-0.22714844346046449},"size":1.9533061981201172,"orthographic":false}