{"cameraMode":{"drawMode":0,"name":"Shaded","section":"Shading Mode"},"sceneLighting":false,"audioPlay":false,"sceneViewState":{"m_AlwaysRefresh":false,"showFog":true,"showSkybox":false,"showFlares":true,"showImageEffects":true,"showParticleSystems":true,"showVisualEffectGraphs":true,"m_FxEnabled":true},"in2DMode":false,"pivot":{"x":-12.524373054504395,"y":0.14990371465682984,"z":10.583192825317383},"rotation":{"x":-0.04815097898244858,"y":0.08428220450878144,"z":-0.002860316541045904,"w":-0.9956797361373901},"size":1.9533061981201172,"orthographic":false}