{"cameraMode":{"drawMode":0,"name":"Shaded","section":"Shading Mode"},"sceneLighting":false,"audioPlay":false,"sceneViewState":{"m_AlwaysRefresh":false,"showFog":true,"showSkybox":false,"showFlares":true,"showImageEffects":true,"showParticleSystems":true,"showVisualEffectGraphs":true,"m_FxEnabled":true},"in2DMode":false,"pivot":{"x":-1.783628225326538,"y":4.9049482345581059,"z":4.345101833343506},"rotation":{"x":0.036336932331323627,"y":0.9627523422241211,"z":-0.18711979687213899,"w":0.1935134381055832},"size":0.000017320508050033823,"orthographic":false}