{"cameraMode":{"drawMode":0,"name":"Shaded","section":"Shading Mode"},"sceneLighting":false,"audioPlay":false,"sceneViewState":{"m_AlwaysRefresh":false,"showFog":true,"showSkybox":false,"showFlares":true,"showImageEffects":true,"showParticleSystems":true,"showVisualEffectGraphs":true,"m_FxEnabled":true},"in2DMode":false,"pivot":{"x":-0.10701453685760498,"y":1.3586875200271607,"z":1.788303256034851},"rotation":{"x":-0.007259761914610863,"y":-0.9887683987617493,"z":0.06581886112689972,"w":-0.1369507759809494},"size":0.35355374217033389,"orthographic":false}